<?xml version="1.0" encoding="UTF-8"?>
<orders xmlns="http://www.demandware.com/xml/impex/order/2006-10-31">
    <order order-no="UKF4000121696">
        <order-date>2018-01-31T10:37:36.736Z</order-date>
        <created-by>storefront</created-by>
        <original-order-no>UKF4000121696</original-order-no>
        <currency>GBP</currency>
        <customer-locale>en_GB</customer-locale>
        <taxation>gross</taxation>
        <invoice-no>00202296</invoice-no>
        <customer>
            <customer-no>00250149</customer-no>
            <customer-name>Alex CLarkr</customer-name>
            <customer-email>alex.clarke@fatface.com</customer-email>
            <billing-address>
                <title>mrs</title>
                <first-name>Alex</first-name>
                <last-name>CLarkr</last-name>
                <address1>1-3 ridgway</address1>
                <city>Havant</city>
                <postal-code>PO9 1QJ</postal-code>
                <country-code>GB</country-code>
                <phone>07785788544</phone>
            </billing-address>
        </customer>
        <status>
            <order-status>NEW</order-status>
            <shipping-status>NOT_SHIPPED</shipping-status>
            <confirmation-status>CONFIRMED</confirmation-status>
            <payment-status>NOT_PAID</payment-status>
        </status>
        <current-order-no>UKF4000121696</current-order-no>
        <product-lineitems>
            <product-lineitem>
                <net-price>28.10</net-price>
                <tax>3.90</tax>
                <gross-price>32.00</gross-price>
                <base-price>32.00</base-price>
                <lineitem-text>Hebden Organic Cotton Stripe Polo</lineitem-text>
                <tax-basis>23.41</tax-basis>
                <position>1</position>
                <product-id>5052750902603</product-id>
                <product-name>Hebden Organic Cotton Stripe Polo</product-name>
                <quantity unit="">1.0</quantity>
                <tax-rate>0.2</tax-rate>
                <shipment-id>DEV00213796</shipment-id>
                <gift>false</gift>
                <price-adjustments>
                    <price-adjustment>
                        <net-price>-8.59</net-price>
                        <tax>0.00</tax>
                        <gross-price>-8.59</gross-price>
                        <base-price>-8.59</base-price>
                        <lineitem-text>2 for £45 on selected Polos</lineitem-text>
                        <tax-basis>0.00</tax-basis>
                        <promotion-id>2_for_45_Polos</promotion-id>
                        <campaign-id>1836_2_for_Polos_ABB</campaign-id>
                        <discount>
                            <total-fixed-price>45.00</total-fixed-price>
                        </discount>
                    </price-adjustment>
                </price-adjustments>
            </product-lineitem>
            <product-lineitem>
                <net-price>25.90</net-price>
                <tax>3.60</tax>
                <gross-price>29.50</gross-price>
                <base-price>29.50</base-price>
                <lineitem-text>Linton Organic Cotton Pique Polo</lineitem-text>
                <tax-basis>21.59</tax-basis>
                <position>2</position>
                <product-id>5052750948939</product-id>
                <product-name>Linton Organic Cotton Pique Polo</product-name>
                <quantity unit="">1.0</quantity>
                <tax-rate>0.2</tax-rate>
                <shipment-id>DEV00213796</shipment-id>
                <gift>false</gift>
                <price-adjustments>
                    <price-adjustment>
                        <net-price>-7.91</net-price>
                        <tax>0.00</tax>
                        <gross-price>-7.91</gross-price>
                        <base-price>-7.91</base-price>
                        <lineitem-text>2 for £45 on selected Polos</lineitem-text>
                        <tax-basis>0.00</tax-basis>
                        <promotion-id>2_for_45_Polos</promotion-id>
                        <campaign-id>1836_2_for_Polos_ABB</campaign-id>
                        <discount>
                            <total-fixed-price>45.00</total-fixed-price>
                        </discount>
                    </price-adjustment>
                </price-adjustments>
            </product-lineitem>
        </product-lineitems>
        <shipping-lineitems>
            <shipping-lineitem>
                <net-price>2.46</net-price>
                <tax>0.49</tax>
                <gross-price>2.95</gross-price>
                <base-price>2.95</base-price>
                <lineitem-text>Shipping</lineitem-text>
                <tax-basis>2.95</tax-basis>
                <item-id>STANDARD_SHIPPING</item-id>
                <shipment-id>DEV00213796</shipment-id>
                <tax-rate>0.2</tax-rate>
            </shipping-lineitem>
        </shipping-lineitems>
        <shipments>
            <shipment shipment-id="DEV00213796">
                <status>
                    <shipping-status>NOT_SHIPPED</shipping-status>
                </status>
                <shipping-method>standardGBP</shipping-method>
                <shipping-address>
                    <title>mrs</title>
                    <first-name>Alex</first-name>
                    <last-name>CLarkr</last-name>
                    <address1>1-3 ridgway</address1>
                    <city>Havant</city>
                    <postal-code>PO9 1QJ</postal-code>
                    <country-code>GB</country-code>
                    <phone>07785788544</phone>
                </shipping-address>
                <gift>false</gift>
                <totals>
                    <merchandize-total>
                        <net-price>54.00</net-price>
                        <tax>7.50</tax>
                        <gross-price>61.50</gross-price>
                    </merchandize-total>
                    <adjusted-merchandize-total>
                        <net-price>37.50</net-price>
                        <tax>7.50</tax>
                        <gross-price>45.00</gross-price>
                    </adjusted-merchandize-total>
                    <shipping-total>
                        <net-price>2.46</net-price>
                        <tax>0.49</tax>
                        <gross-price>2.95</gross-price>
                    </shipping-total>
                    <adjusted-shipping-total>
                        <net-price>2.46</net-price>
                        <tax>0.49</tax>
                        <gross-price>2.95</gross-price>
                    </adjusted-shipping-total>
                    <shipment-total>
                        <net-price>39.96</net-price>
                        <tax>7.99</tax>
                        <gross-price>47.95</gross-price>
                    </shipment-total>
                </totals>
            </shipment>
        </shipments>
        <totals>
            <merchandize-total>
                <net-price>54.00</net-price>
                <tax>7.50</tax>
                <gross-price>61.50</gross-price>
            </merchandize-total>
            <adjusted-merchandize-total>
                <net-price>37.50</net-price>
                <tax>7.50</tax>
                <gross-price>45.00</gross-price>
            </adjusted-merchandize-total>
            <shipping-total>
                <net-price>2.46</net-price>
                <tax>0.49</tax>
                <gross-price>2.95</gross-price>
            </shipping-total>
            <adjusted-shipping-total>
                <net-price>2.46</net-price>
                <tax>0.49</tax>
                <gross-price>2.95</gross-price>
            </adjusted-shipping-total>
            <order-total>
                <net-price>39.96</net-price>
                <tax>7.99</tax>
                <gross-price>47.95</gross-price>
            </order-total>
        </totals>
        <payments>
            <payment>
                <credit-card>
                    <card-type>visa</card-type>
                    <card-number>XXXX-XXXX-XXXX-1111</card-number>
                    <card-holder>Alex c</card-holder>
                    <card-token>H167852639363479</card-token>
                    <expiration-month>10</expiration-month>
                    <expiration-year>2020</expiration-year>
                    <custom-attributes>
                        <custom-attribute attribute-id="saveCreditCard">false</custom-attribute>
                    </custom-attributes>
                </credit-card>
                <amount>47.95</amount>
                <processor-id>ADYEN_CREDIT</processor-id>
                <transaction-id>8535173950571417</transaction-id>
            </payment>
        </payments>
        <remoteHost>167.98.35.114</remoteHost>
        <notes>
            <note>
                <created-by>system</created-by>
                <creation-date>2018-01-31T10:40:01.589Z</creation-date>
                <subject>Adyen Payment Notification</subject>
                <text>AdyenNotification v 4d - Payment info (Called from : 82.199.90.163)
================================================================
reason : 30232:1111:10/2020
eventDate : 2018-01-31T10:37:37.037+0000
merchantReference : UKF4000121696
currency : GBP
pspReference : 8535173950571417
merchantAccountCode : FatFaceCOM
eventCode : AUTHORISATION
value : 4795
operations : CANCEL,CAPTURE,REFUND
success : true
paymentMethod : visa
live : false</text>
            </note>
        </notes>
        <custom-attributes>
            <custom-attribute attribute-id="Adyen_eventCode">AUTHORISATION</custom-attribute>
            <custom-attribute attribute-id="Adyen_paymentMethod">visa</custom-attribute>
            <custom-attribute attribute-id="Adyen_pspReference">8535173950571417</custom-attribute>
            <custom-attribute attribute-id="Adyen_value">4795</custom-attribute>
            <custom-attribute attribute-id="channelID">70391</custom-attribute>
            <custom-attribute attribute-id="warehouseID">90004</custom-attribute>
        </custom-attributes>
    </order>

</orders>
