<?xml version="1.0" encoding="UTF-8"?>
<orders xmlns="http://www.demandware.com/xml/impex/order/2006-10-31">
    <order order-no="UKF4000121700">
        <order-date>2018-01-31T11:33:45.245Z</order-date>
        <created-by>storefront</created-by>
        <original-order-no>UKF4000121700</original-order-no>
        <currency>GBP</currency>
        <customer-locale>en_GB</customer-locale>
        <taxation>gross</taxation>
        <invoice-no>00202298</invoice-no>
        <customer>
            <customer-no>00250160</customer-no>
            <customer-name>Tom Brown</customer-name>
            <customer-email>UyUtkNPxCc@automation.com</customer-email>
            <billing-address>
                <title>mr</title>
                <first-name>Tom</first-name>
                <last-name>Brown</last-name>
                <address1>Belvedere Rd</address1>
                <city>London</city>
                <postal-code>SE1 8XX</postal-code>
                <country-code>GB</country-code>
                <phone>123 4567 8901</phone>
            </billing-address>
        </customer>
        <status>
            <order-status>NEW</order-status>
            <shipping-status>NOT_SHIPPED</shipping-status>
            <confirmation-status>NOT_CONFIRMED</confirmation-status>
            <payment-status>PAID</payment-status>
        </status>
        <current-order-no>UKF4000121700</current-order-no>
        <product-lineitems>
            <product-lineitem>
                <net-price>67.50</net-price>
                <tax>13.50</tax>
                <gross-price>81.00</gross-price>
                <base-price>40.50</base-price>
                <lineitem-text>Lauren Lightweight Puffer Jacket</lineitem-text>
                <tax-basis>81.00</tax-basis>
                <position>1</position>
                <product-id>5052750815507</product-id>
                <product-name>Lauren Lightweight Puffer Jacket</product-name>
                <quantity unit="">2.0</quantity>
                <tax-rate>0.2</tax-rate>
                <shipment-id>DEV00213798</shipment-id>
                <gift>false</gift>
            </product-lineitem>
        </product-lineitems>
        <shipping-lineitems>
            <shipping-lineitem>
                <net-price>0.00</net-price>
                <tax>0.00</tax>
                <gross-price>0.00</gross-price>
                <base-price>0.00</base-price>
                <lineitem-text>Shipping</lineitem-text>
                <tax-basis>0.00</tax-basis>
                <item-id>STANDARD_SHIPPING</item-id>
                <shipment-id>DEV00213798</shipment-id>
                <tax-rate>0.2</tax-rate>
            </shipping-lineitem>
        </shipping-lineitems>
        <shipments>
            <shipment shipment-id="DEV00213798">
                <status>
                    <shipping-status>NOT_SHIPPED</shipping-status>
                </status>
                <shipping-method>standardGBP</shipping-method>
                <shipping-address>
                    <title>mr</title>
                    <first-name>Tom</first-name>
                    <last-name>Brown</last-name>
                    <address1>Belvedere Rd</address1>
                    <city>London</city>
                    <postal-code>SE1 8XX</postal-code>
                    <country-code>GB</country-code>
                    <phone>123 4567 8901</phone>
                </shipping-address>
                <gift>false</gift>
                <totals>
                    <merchandize-total>
                        <net-price>67.50</net-price>
                        <tax>13.50</tax>
                        <gross-price>81.00</gross-price>
                    </merchandize-total>
                    <adjusted-merchandize-total>
                        <net-price>67.50</net-price>
                        <tax>13.50</tax>
                        <gross-price>81.00</gross-price>
                    </adjusted-merchandize-total>
                    <shipping-total>
                        <net-price>0.00</net-price>
                        <tax>0.00</tax>
                        <gross-price>0.00</gross-price>
                    </shipping-total>
                    <adjusted-shipping-total>
                        <net-price>0.00</net-price>
                        <tax>0.00</tax>
                        <gross-price>0.00</gross-price>
                    </adjusted-shipping-total>
                    <shipment-total>
                        <net-price>67.50</net-price>
                        <tax>13.50</tax>
                        <gross-price>81.00</gross-price>
                    </shipment-total>
                </totals>
            </shipment>
        </shipments>
        <totals>
            <merchandize-total>
                <net-price>67.50</net-price>
                <tax>13.50</tax>
                <gross-price>81.00</gross-price>
            </merchandize-total>
            <adjusted-merchandize-total>
                <net-price>67.50</net-price>
                <tax>13.50</tax>
                <gross-price>81.00</gross-price>
            </adjusted-merchandize-total>
            <shipping-total>
                <net-price>0.00</net-price>
                <tax>0.00</tax>
                <gross-price>0.00</gross-price>
            </shipping-total>
            <adjusted-shipping-total>
                <net-price>0.00</net-price>
                <tax>0.00</tax>
                <gross-price>0.00</gross-price>
            </adjusted-shipping-total>
            <order-total>
                <net-price>67.50</net-price>
                <tax>13.50</tax>
                <gross-price>81.00</gross-price>
            </order-total>
        </totals>
        <payments>
            <payment>
                <credit-card>
                    <card-type>maestro</card-type>
                    <card-number>XXXX-XXXX-XXXX-8906</card-number>
                    <card-holder>Master APPROVED</card-holder>
                    <card-token>P125622390168558</card-token>
                    <expiration-month>8</expiration-month>
                    <expiration-year>2018</expiration-year>
                    <custom-attributes>
                        <custom-attribute attribute-id="saveCreditCard">false</custom-attribute>
                    </custom-attributes>
                </credit-card>
                <amount>81.00</amount>
                <processor-id>ADYEN_CREDIT</processor-id>
                <transaction-id>8535173984252745</transaction-id>
            </payment>
        </payments>
        <remoteHost>65.74.171.11</remoteHost>
        <custom-attributes>
            <custom-attribute attribute-id="channelID">70391</custom-attribute>
            <custom-attribute attribute-id="warehouseID">90004</custom-attribute>
        </custom-attributes>
    </order>

    <order order-no="UKF4000121704">
        <order-date>2018-01-31T11:34:14.456Z</order-date>
        <created-by>storefront</created-by>
        <original-order-no>UKF4000121704</original-order-no>
        <currency>EUR</currency>
        <customer-locale>en_GB</customer-locale>
        <taxation>gross</taxation>
        <invoice-no>00202301</invoice-no>
        <customer>
            <customer-no>00250162</customer-no>
            <customer-name>Tom Brown</customer-name>
            <customer-email>UZZZTGlgYj@automation.com</customer-email>
            <billing-address>
                <title>mr</title>
                <first-name>Tom</first-name>
                <last-name>Brown</last-name>
                <address1>Belvedere Rd</address1>
                <city>London</city>
                <postal-code>SE1 8XX</postal-code>
                <country-code>GB</country-code>
                <phone>123 4567 8901</phone>
            </billing-address>
        </customer>
        <status>
            <order-status>NEW</order-status>
            <shipping-status>NOT_SHIPPED</shipping-status>
            <confirmation-status>NOT_CONFIRMED</confirmation-status>
            <payment-status>PAID</payment-status>
        </status>
        <current-order-no>UKF4000121704</current-order-no>
        <product-lineitems>
            <product-lineitem>
                <net-price>79.50</net-price>
                <tax>15.90</tax>
                <gross-price>95.40</gross-price>
                <base-price>47.70</base-price>
                <lineitem-text>Lauren Lightweight Puffer Jacket</lineitem-text>
                <tax-basis>95.40</tax-basis>
                <position>1</position>
                <product-id>5052750815507</product-id>
                <product-name>Lauren Lightweight Puffer Jacket</product-name>
                <quantity unit="">2.0</quantity>
                <tax-rate>0.2</tax-rate>
                <shipment-id>DEV00213801</shipment-id>
                <gift>false</gift>
            </product-lineitem>
        </product-lineitems>
        <shipping-lineitems>
            <shipping-lineitem>
                <net-price>2.75</net-price>
                <tax>0.55</tax>
                <gross-price>3.30</gross-price>
                <base-price>3.30</base-price>
                <lineitem-text>Shipping</lineitem-text>
                <tax-basis>3.30</tax-basis>
                <item-id>STANDARD_SHIPPING</item-id>
                <shipment-id>DEV00213801</shipment-id>
                <tax-rate>0.2</tax-rate>
            </shipping-lineitem>
        </shipping-lineitems>
        <shipments>
            <shipment shipment-id="DEV00213801">
                <status>
                    <shipping-status>NOT_SHIPPED</shipping-status>
                </status>
                <shipping-method>standardEUR</shipping-method>
                <shipping-address>
                    <title>mr</title>
                    <first-name>Tom</first-name>
                    <last-name>Brown</last-name>
                    <address1>Belvedere Rd</address1>
                    <city>London</city>
                    <postal-code>SE1 8XX</postal-code>
                    <country-code>GB</country-code>
                    <phone>123 4567 8901</phone>
                </shipping-address>
                <gift>false</gift>
                <totals>
                    <merchandize-total>
                        <net-price>79.50</net-price>
                        <tax>15.90</tax>
                        <gross-price>95.40</gross-price>
                    </merchandize-total>
                    <adjusted-merchandize-total>
                        <net-price>79.50</net-price>
                        <tax>15.90</tax>
                        <gross-price>95.40</gross-price>
                    </adjusted-merchandize-total>
                    <shipping-total>
                        <net-price>2.75</net-price>
                        <tax>0.55</tax>
                        <gross-price>3.30</gross-price>
                    </shipping-total>
                    <adjusted-shipping-total>
                        <net-price>2.75</net-price>
                        <tax>0.55</tax>
                        <gross-price>3.30</gross-price>
                    </adjusted-shipping-total>
                    <shipment-total>
                        <net-price>82.25</net-price>
                        <tax>16.45</tax>
                        <gross-price>98.70</gross-price>
                    </shipment-total>
                </totals>
            </shipment>
        </shipments>
        <totals>
            <merchandize-total>
                <net-price>79.50</net-price>
                <tax>15.90</tax>
                <gross-price>95.40</gross-price>
            </merchandize-total>
            <adjusted-merchandize-total>
                <net-price>79.50</net-price>
                <tax>15.90</tax>
                <gross-price>95.40</gross-price>
            </adjusted-merchandize-total>
            <shipping-total>
                <net-price>2.75</net-price>
                <tax>0.55</tax>
                <gross-price>3.30</gross-price>
            </shipping-total>
            <adjusted-shipping-total>
                <net-price>2.75</net-price>
                <tax>0.55</tax>
                <gross-price>3.30</gross-price>
            </adjusted-shipping-total>
            <order-total>
                <net-price>82.25</net-price>
                <tax>16.45</tax>
                <gross-price>98.70</gross-price>
            </order-total>
        </totals>
        <payments>
            <payment>
                <credit-card>
                    <card-type>mc</card-type>
                    <card-number>XXXX-XXXX-XXXX-8906</card-number>
                    <card-holder>Master APPROVED</card-holder>
                    <card-token>P125622390168558</card-token>
                    <expiration-month>8</expiration-month>
                    <expiration-year>2018</expiration-year>
                    <custom-attributes>
                        <custom-attribute attribute-id="saveCreditCard">false</custom-attribute>
                    </custom-attributes>
                </credit-card>
                <amount>98.70</amount>
                <processor-id>ADYEN_CREDIT</processor-id>
                <transaction-id>8515173984541406</transaction-id>
            </payment>
        </payments>
        <remoteHost>65.74.171.11</remoteHost>
        <custom-attributes>
            <custom-attribute attribute-id="channelID">70391</custom-attribute>
            <custom-attribute attribute-id="warehouseID">90004</custom-attribute>
        </custom-attributes>
    </order>

    <order order-no="UKF4000121698">
        <order-date>2018-01-31T11:31:17.661Z</order-date>
        <created-by>storefront</created-by>
        <original-order-no>UKF4000121698</original-order-no>
        <currency>GBP</currency>
        <customer-locale>en_GB</customer-locale>
        <taxation>gross</taxation>
        <invoice-no>00202297</invoice-no>
        <customer>
            <customer-no>00250150</customer-no>
            <customer-name>John Ray</customer-name>
            <customer-email>johnsray@gmail.com</customer-email>
            <billing-address>
                <title>mr</title>
                <first-name>John</first-name>
                <last-name>Ray</last-name>
                <address1>1-3 Ridgway</address1>
                <city>Havant</city>
                <postal-code>PO9 1QJ</postal-code>
                <state-code>Hampshire</state-code>
                <country-code>GB</country-code>
                <phone>07740151849</phone>
            </billing-address>
        </customer>
        <status>
            <order-status>NEW</order-status>
            <shipping-status>NOT_SHIPPED</shipping-status>
            <confirmation-status>CONFIRMED</confirmation-status>
            <payment-status>NOT_PAID</payment-status>
        </status>
        <current-order-no>UKF4000121698</current-order-no>
        <product-lineitems>
            <product-lineitem>
                <net-price>54.17</net-price>
                <tax>10.83</tax>
                <gross-price>65.00</gross-price>
                <base-price>65.00</base-price>
                <lineitem-text>Harris Shacket</lineitem-text>
                <tax-basis>65.00</tax-basis>
                <position>1</position>
                <product-id>5052750943668</product-id>
                <product-name>Harris Shacket</product-name>
                <quantity unit="">1.0</quantity>
                <tax-rate>0.2</tax-rate>
                <shipment-id>DEV00213797</shipment-id>
                <gift>false</gift>
            </product-lineitem>
        </product-lineitems>
        <shipping-lineitems>
            <shipping-lineitem>
                <net-price>0.00</net-price>
                <tax>0.00</tax>
                <gross-price>0.00</gross-price>
                <base-price>0.00</base-price>
                <lineitem-text>Shipping</lineitem-text>
                <tax-basis>0.00</tax-basis>
                <item-id>STANDARD_SHIPPING</item-id>
                <shipment-id>DEV00213797</shipment-id>
                <tax-rate>0.2</tax-rate>
            </shipping-lineitem>
        </shipping-lineitems>
        <shipments>
            <shipment shipment-id="DEV00213797">
                <status>
                    <shipping-status>NOT_SHIPPED</shipping-status>
                </status>
                <shipping-method>standardGBP</shipping-method>
                <shipping-address>
                    <title>mr</title>
                    <first-name>John</first-name>
                    <last-name>Ray</last-name>
                    <address1>1-3 Ridgway</address1>
                    <city>Havant</city>
                    <postal-code>PO9 1QJ</postal-code>
                    <state-code>Hampshire</state-code>
                    <country-code>GB</country-code>
                    <phone>07740151849</phone>
                </shipping-address>
                <gift>false</gift>
                <totals>
                    <merchandize-total>
                        <net-price>54.17</net-price>
                        <tax>10.83</tax>
                        <gross-price>65.00</gross-price>
                    </merchandize-total>
                    <adjusted-merchandize-total>
                        <net-price>54.17</net-price>
                        <tax>10.83</tax>
                        <gross-price>65.00</gross-price>
                    </adjusted-merchandize-total>
                    <shipping-total>
                        <net-price>0.00</net-price>
                        <tax>0.00</tax>
                        <gross-price>0.00</gross-price>
                    </shipping-total>
                    <adjusted-shipping-total>
                        <net-price>0.00</net-price>
                        <tax>0.00</tax>
                        <gross-price>0.00</gross-price>
                    </adjusted-shipping-total>
                    <shipment-total>
                        <net-price>54.17</net-price>
                        <tax>10.83</tax>
                        <gross-price>65.00</gross-price>
                    </shipment-total>
                </totals>
            </shipment>
        </shipments>
        <totals>
            <merchandize-total>
                <net-price>54.17</net-price>
                <tax>10.83</tax>
                <gross-price>65.00</gross-price>
            </merchandize-total>
            <adjusted-merchandize-total>
                <net-price>54.17</net-price>
                <tax>10.83</tax>
                <gross-price>65.00</gross-price>
            </adjusted-merchandize-total>
            <shipping-total>
                <net-price>0.00</net-price>
                <tax>0.00</tax>
                <gross-price>0.00</gross-price>
            </shipping-total>
            <adjusted-shipping-total>
                <net-price>0.00</net-price>
                <tax>0.00</tax>
                <gross-price>0.00</gross-price>
            </adjusted-shipping-total>
            <order-total>
                <net-price>54.17</net-price>
                <tax>10.83</tax>
                <gross-price>65.00</gross-price>
            </order-total>
        </totals>
        <payments>
            <payment>
                <credit-card>
                    <card-type>visa</card-type>
                    <card-number>XXXX-XXXX-XXXX-1111</card-number>
                    <card-holder>qwfwfwf</card-holder>
                    <card-token>H167852639363479</card-token>
                    <expiration-month>8</expiration-month>
                    <expiration-year>2018</expiration-year>
                    <custom-attributes>
                        <custom-attribute attribute-id="saveCreditCard">false</custom-attribute>
                    </custom-attributes>
                </credit-card>
                <amount>65.00</amount>
                <processor-id>ADYEN_CREDIT</processor-id>
                <transaction-id>8515173982781707</transaction-id>
            </payment>
        </payments>
        <remoteHost>167.98.35.114</remoteHost>
        <notes>
            <note>
                <created-by>system</created-by>
                <creation-date>2018-01-31T11:34:01.681Z</creation-date>
                <subject>Adyen Payment Notification</subject>
                <text>AdyenNotification v 4d - Payment info (Called from : 82.199.90.163)
================================================================
reason : 40233:1111:08/2018
eventDate : 2018-01-31T11:31:18.018+0000
merchantReference : UKF4000121698
currency : GBP
pspReference : 8515173982781707
merchantAccountCode : FatFaceCOM
eventCode : AUTHORISATION
value : 6500
operations : CANCEL,CAPTURE,REFUND
success : true
paymentMethod : visa
live : false</text>
            </note>
        </notes>
        <custom-attributes>
            <custom-attribute attribute-id="Adyen_eventCode">AUTHORISATION</custom-attribute>
            <custom-attribute attribute-id="Adyen_paymentMethod">visa</custom-attribute>
            <custom-attribute attribute-id="Adyen_pspReference">8515173982781707</custom-attribute>
            <custom-attribute attribute-id="Adyen_value">6500</custom-attribute>
            <custom-attribute attribute-id="channelID">70391</custom-attribute>
            <custom-attribute attribute-id="warehouseID">90004</custom-attribute>
        </custom-attributes>
    </order>

</orders>
