<?xml version="1.0" encoding="UTF-8"?>
<orders xmlns="http://www.demandware.com/xml/impex/order/2006-10-31">
    <order order-no="UKF4000121765">
        <order-date>2018-01-31T14:49:43.045Z</order-date>
        <created-by>storefront</created-by>
        <original-order-no>UKF4000121765</original-order-no>
        <currency>GBP</currency>
        <customer-locale>en_GB</customer-locale>
        <taxation>gross</taxation>
        <invoice-no>00202331</invoice-no>
        <customer>
            <customer-no>00000005</customer-no>
            <customer-name>Yevhen borodiny</customer-name>
            <customer-email>y.borodin@astoundcommerce.com</customer-email>
            <billing-address>
                <title>mr</title>
                <first-name>yevhen</first-name>
                <last-name>borodin</last-name>
                <address1>32 Springbank</address1>
                <city>London</city>
                <postal-code>N21 1JH</postal-code>
                <country-code>GB</country-code>
                <phone>12345678901</phone>
            </billing-address>
        </customer>
        <status>
            <order-status>NEW</order-status>
            <shipping-status>NOT_SHIPPED</shipping-status>
            <confirmation-status>NOT_CONFIRMED</confirmation-status>
            <payment-status>NOT_PAID</payment-status>
        </status>
        <current-order-no>UKF4000121765</current-order-no>
        <product-lineitems>
            <product-lineitem>
                <net-price>8.00</net-price>
                <tax>0.00</tax>
                <gross-price>8.00</gross-price>
                <base-price>8.00</base-price>
                <lineitem-text>Plain T-Shirt</lineitem-text>
                <tax-basis>8.00</tax-basis>
                <position>1</position>
                <product-id>5052750928887</product-id>
                <product-name>Plain T-Shirt</product-name>
                <quantity unit="">1.0</quantity>
                <tax-rate>0.0</tax-rate>
                <shipment-id>DEV00213831</shipment-id>
                <gift>false</gift>
            </product-lineitem>
        </product-lineitems>
        <shipping-lineitems>
            <shipping-lineitem>
                <net-price>2.95</net-price>
                <tax>0.00</tax>
                <gross-price>2.95</gross-price>
                <base-price>2.95</base-price>
                <lineitem-text>Shipping</lineitem-text>
                <tax-basis>0.00</tax-basis>
                <price-adjustments>
                    <price-adjustment>
                        <net-price>-2.95</net-price>
                        <tax>0.00</tax>
                        <gross-price>-2.95</gross-price>
                        <base-price>-2.95</base-price>
                        <lineitem-text>Free Delivery for Kids</lineitem-text>
                        <tax-basis>0.00</tax-basis>
                        <promotion-id>1835_Free_Delivery_Kids</promotion-id>
                        <campaign-id>1935-Kids-Free-Delivery-UK</campaign-id>
                        <discount>
                            <free/>
                        </discount>
                    </price-adjustment>
                </price-adjustments>
                <item-id>STANDARD_SHIPPING</item-id>
                <shipment-id>DEV00213831</shipment-id>
                <tax-rate>0.2</tax-rate>
            </shipping-lineitem>
        </shipping-lineitems>
        <shipments>
            <shipment shipment-id="DEV00213831">
                <status>
                    <shipping-status>NOT_SHIPPED</shipping-status>
                </status>
                <shipping-method>standardGBP</shipping-method>
                <shipping-address>
                    <title>mr</title>
                    <first-name>yevhen</first-name>
                    <last-name>borodin</last-name>
                    <address1>32 Springbank</address1>
                    <city>London</city>
                    <postal-code>N21 1JH</postal-code>
                    <country-code>GB</country-code>
                    <phone>12345678901</phone>
                </shipping-address>
                <gift>false</gift>
                <totals>
                    <merchandize-total>
                        <net-price>8.00</net-price>
                        <tax>0.00</tax>
                        <gross-price>8.00</gross-price>
                    </merchandize-total>
                    <adjusted-merchandize-total>
                        <net-price>8.00</net-price>
                        <tax>0.00</tax>
                        <gross-price>8.00</gross-price>
                    </adjusted-merchandize-total>
                    <shipping-total>
                        <net-price>2.95</net-price>
                        <tax>0.00</tax>
                        <gross-price>2.95</gross-price>
                    </shipping-total>
                    <adjusted-shipping-total>
                        <net-price>0.00</net-price>
                        <tax>0.00</tax>
                        <gross-price>0.00</gross-price>
                    </adjusted-shipping-total>
                    <shipment-total>
                        <net-price>8.00</net-price>
                        <tax>0.00</tax>
                        <gross-price>8.00</gross-price>
                    </shipment-total>
                </totals>
            </shipment>
        </shipments>
        <totals>
            <merchandize-total>
                <net-price>8.00</net-price>
                <tax>0.00</tax>
                <gross-price>8.00</gross-price>
            </merchandize-total>
            <adjusted-merchandize-total>
                <net-price>8.00</net-price>
                <tax>0.00</tax>
                <gross-price>8.00</gross-price>
            </adjusted-merchandize-total>
            <shipping-total>
                <net-price>2.95</net-price>
                <tax>0.00</tax>
                <gross-price>2.95</gross-price>
            </shipping-total>
            <adjusted-shipping-total>
                <net-price>0.00</net-price>
                <tax>0.00</tax>
                <gross-price>0.00</gross-price>
            </adjusted-shipping-total>
            <order-total>
                <net-price>8.00</net-price>
                <tax>0.00</tax>
                <gross-price>8.00</gross-price>
            </order-total>
        </totals>
        <payments>
            <payment>
                <custom-method>
                    <method-name>PayPal</method-name>
                    <custom-attributes>
                        <custom-attribute attribute-id="paypalAck">Success</custom-attribute>
                        <custom-attribute attribute-id="paypalAuthorizationId">3AW469525N7247906</custom-attribute>
                        <custom-attribute attribute-id="paypalCorrelationId">c538a0d19fc55</custom-attribute>
                        <custom-attribute attribute-id="paypalPayerID">VEF5STP4LCU34</custom-attribute>
                        <custom-attribute attribute-id="paypalPaymentStatus">Pending</custom-attribute>
                        <custom-attribute attribute-id="paypalToken">EC-5PY0117365540625C</custom-attribute>
                    </custom-attributes>
                </custom-method>
                <amount>8.00</amount>
                <processor-id>PAYPAL_EXPRESS</processor-id>
                <transaction-id>3AW469525N7247906</transaction-id>
                <custom-attributes>
                    <custom-attribute attribute-id="transactionsHistory">
                        <value>O-1PA09939X2970751G</value>
                    </custom-attribute>
                </custom-attributes>
            </payment>
        </payments>
        <remoteHost>195.138.217.93</remoteHost>
        <custom-attributes>
            <custom-attribute attribute-id="channelID">70391</custom-attribute>
            <custom-attribute attribute-id="paypalPaymentMethod">express</custom-attribute>
            <custom-attribute attribute-id="warehouseID">90004</custom-attribute>
        </custom-attributes>
    </order>

    <order order-no="UKF4000121763">
        <order-date>2018-01-31T14:46:17.750Z</order-date>
        <created-by>storefront</created-by>
        <original-order-no>UKF4000121763</original-order-no>
        <currency>GBP</currency>
        <customer-locale>en_GB</customer-locale>
        <taxation>gross</taxation>
        <invoice-no>00202330</invoice-no>
        <customer>
            <customer-no>00000005</customer-no>
            <customer-name>Yevhen borodiny</customer-name>
            <customer-email>y.borodin@astoundcommerce.com</customer-email>
            <billing-address>
                <title>mr</title>
                <first-name>Test</first-name>
                <last-name>testn</last-name>
                <address1>335 Washington St</address1>
                <address2>Apt 1</address2>
                <city>Abington</city>
                <postal-code>02351-2458</postal-code>
                <state-code>MA</state-code>
                <country-code>US</country-code>
                <phone>1234567890</phone>
            </billing-address>
        </customer>
        <status>
            <order-status>NEW</order-status>
            <shipping-status>NOT_SHIPPED</shipping-status>
            <confirmation-status>CONFIRMED</confirmation-status>
            <payment-status>NOT_PAID</payment-status>
        </status>
        <current-order-no>UKF4000121763</current-order-no>
        <product-lineitems>
            <product-lineitem>
                <net-price>11.25</net-price>
                <tax>2.25</tax>
                <gross-price>13.50</gross-price>
                <base-price>13.50</base-price>
                <lineitem-text>Lucy Denim Skirt</lineitem-text>
                <tax-basis>13.50</tax-basis>
                <position>1</position>
                <product-id>5052750836557</product-id>
                <product-name>Lucy Denim Skirt</product-name>
                <quantity unit="">1.0</quantity>
                <tax-rate>0.2</tax-rate>
                <shipment-id>DEV00213830</shipment-id>
                <gift>false</gift>
            </product-lineitem>
        </product-lineitems>
        <shipping-lineitems>
            <shipping-lineitem>
                <net-price>0.00</net-price>
                <tax>0.00</tax>
                <gross-price>0.00</gross-price>
                <base-price>0.00</base-price>
                <lineitem-text>Shipping</lineitem-text>
                <tax-basis>0.00</tax-basis>
                <item-id>STANDARD_SHIPPING</item-id>
                <shipment-id>DEV00213830</shipment-id>
                <tax-rate>0.2</tax-rate>
            </shipping-lineitem>
        </shipping-lineitems>
        <shipments>
            <shipment shipment-id="DEV00213830">
                <status>
                    <shipping-status>NOT_SHIPPED</shipping-status>
                </status>
                <shipping-method>delivertostoreGBP</shipping-method>
                <shipping-address>
                    <title>mrs</title>
                    <first-name>Hdjx</first-name>
                    <last-name>Hdjkd</last-name>
                    <address1>Unit 13 The Balcony</address1>
                    <address2>Waterloo Station</address2>
                    <city>London</city>
                    <postal-code>SE1 8SW</postal-code>
                    <country-code>GB</country-code>
                    <phone>12345678901</phone>
                </shipping-address>
                <gift>false</gift>
                <totals>
                    <merchandize-total>
                        <net-price>11.25</net-price>
                        <tax>2.25</tax>
                        <gross-price>13.50</gross-price>
                    </merchandize-total>
                    <adjusted-merchandize-total>
                        <net-price>11.25</net-price>
                        <tax>2.25</tax>
                        <gross-price>13.50</gross-price>
                    </adjusted-merchandize-total>
                    <shipping-total>
                        <net-price>0.00</net-price>
                        <tax>0.00</tax>
                        <gross-price>0.00</gross-price>
                    </shipping-total>
                    <adjusted-shipping-total>
                        <net-price>0.00</net-price>
                        <tax>0.00</tax>
                        <gross-price>0.00</gross-price>
                    </adjusted-shipping-total>
                    <shipment-total>
                        <net-price>11.25</net-price>
                        <tax>2.25</tax>
                        <gross-price>13.50</gross-price>
                    </shipment-total>
                </totals>
            </shipment>
        </shipments>
        <totals>
            <merchandize-total>
                <net-price>11.25</net-price>
                <tax>2.25</tax>
                <gross-price>13.50</gross-price>
            </merchandize-total>
            <adjusted-merchandize-total>
                <net-price>11.25</net-price>
                <tax>2.25</tax>
                <gross-price>13.50</gross-price>
            </adjusted-merchandize-total>
            <shipping-total>
                <net-price>0.00</net-price>
                <tax>0.00</tax>
                <gross-price>0.00</gross-price>
            </shipping-total>
            <adjusted-shipping-total>
                <net-price>0.00</net-price>
                <tax>0.00</tax>
                <gross-price>0.00</gross-price>
            </adjusted-shipping-total>
            <order-total>
                <net-price>11.25</net-price>
                <tax>2.25</tax>
                <gross-price>13.50</gross-price>
            </order-total>
        </totals>
        <payments>
            <payment>
                <credit-card>
                    <card-type>visa</card-type>
                    <card-number>XXXX-XXXX-XXXX-1111</card-number>
                    <card-holder>Cncnnc</card-holder>
                    <card-token>H167852639363479</card-token>
                    <expiration-month>8</expiration-month>
                    <expiration-year>2018</expiration-year>
                    <custom-attributes>
                        <custom-attribute attribute-id="saveCreditCard">true</custom-attribute>
                    </custom-attributes>
                </credit-card>
                <amount>13.50</amount>
                <processor-id>ADYEN_CREDIT</processor-id>
                <transaction-id>8515174099773280</transaction-id>
            </payment>
        </payments>
        <remoteHost>195.138.217.93</remoteHost>
        <notes>
            <note>
                <created-by>system</created-by>
                <creation-date>2018-01-31T14:48:01.554Z</creation-date>
                <subject>Adyen Payment Notification</subject>
                <text>AdyenNotification v 4d - Payment info (Called from : 82.199.90.163)
================================================================
reason : 56132:1111:08/2018
eventDate : 2018-01-31T14:46:18.018+0000
merchantReference : UKF4000121763
currency : GBP
pspReference : 8515174099773280
merchantAccountCode : FatFaceCOM
eventCode : AUTHORISATION
value : 1350
operations : CANCEL,CAPTURE,REFUND
success : true
paymentMethod : visa
live : false</text>
            </note>
        </notes>
        <custom-attributes>
            <custom-attribute attribute-id="Adyen_eventCode">AUTHORISATION</custom-attribute>
            <custom-attribute attribute-id="Adyen_paymentMethod">visa</custom-attribute>
            <custom-attribute attribute-id="Adyen_pspReference">8515174099773280</custom-attribute>
            <custom-attribute attribute-id="Adyen_value">1350</custom-attribute>
            <custom-attribute attribute-id="channelID">70391</custom-attribute>
            <custom-attribute attribute-id="collectionStoreID">70298</custom-attribute>
            <custom-attribute attribute-id="warehouseID">90004</custom-attribute>
        </custom-attributes>
    </order>

</orders>
