<?xml version="1.0" encoding="UTF-8"?>
<orders xmlns="http://www.demandware.com/xml/impex/order/2006-10-31">
    <order order-no="UKF4000121690">
        <order-date>2018-01-31T10:25:35.530Z</order-date>
        <created-by>storefront</created-by>
        <original-order-no>UKF4000121690</original-order-no>
        <currency>GBP</currency>
        <customer-locale>en_GB</customer-locale>
        <taxation>gross</taxation>
        <invoice-no>00202295</invoice-no>
        <customer>
            <customer-no>00250146</customer-no>
            <customer-name>Samantha McCready</customer-name>
            <customer-email>samantha.mccready@yahoo.co.uk</customer-email>
            <billing-address>
                <title>miss</title>
                <first-name>Samantha</first-name>
                <last-name>McCready</last-name>
                <address1>2 Lasham Green</address1>
                <city>Havant</city>
                <postal-code>PO9 5QP</postal-code>
                <state-code>Hampshire</state-code>
                <country-code>GB</country-code>
                <phone>07552238422</phone>
            </billing-address>
        </customer>
        <status>
            <order-status>NEW</order-status>
            <shipping-status>NOT_SHIPPED</shipping-status>
            <confirmation-status>CONFIRMED</confirmation-status>
            <payment-status>NOT_PAID</payment-status>
        </status>
        <current-order-no>UKF4000121690</current-order-no>
        <product-lineitems>
            <product-lineitem>
                <net-price>20.83</net-price>
                <tax>4.17</tax>
                <gross-price>25.00</gross-price>
                <base-price>25.00</base-price>
                <lineitem-text>Classic Grained Leather Wallet</lineitem-text>
                <tax-basis>25.00</tax-basis>
                <position>1</position>
                <product-id>5052750833938</product-id>
                <product-name>Classic Grained Leather Wallet</product-name>
                <quantity unit="">1.0</quantity>
                <tax-rate>0.2</tax-rate>
                <shipment-id>DEV00213795</shipment-id>
                <gift>false</gift>
            </product-lineitem>
            <product-lineitem>
                <net-price>20.83</net-price>
                <tax>4.17</tax>
                <gross-price>25.00</gross-price>
                <base-price>25.00</base-price>
                <lineitem-text>Raw Edge Leather Wallet</lineitem-text>
                <tax-basis>25.00</tax-basis>
                <position>2</position>
                <product-id>5052750833914</product-id>
                <product-name>Raw Edge Leather Wallet</product-name>
                <quantity unit="">1.0</quantity>
                <tax-rate>0.2</tax-rate>
                <shipment-id>DEV00213795</shipment-id>
                <gift>false</gift>
            </product-lineitem>
        </product-lineitems>
        <shipping-lineitems>
            <shipping-lineitem>
                <net-price>0.00</net-price>
                <tax>0.00</tax>
                <gross-price>0.00</gross-price>
                <base-price>0.00</base-price>
                <lineitem-text>Shipping</lineitem-text>
                <tax-basis>0.00</tax-basis>
                <item-id>STANDARD_SHIPPING</item-id>
                <shipment-id>DEV00213795</shipment-id>
                <tax-rate>0.2</tax-rate>
            </shipping-lineitem>
        </shipping-lineitems>
        <shipments>
            <shipment shipment-id="DEV00213795">
                <status>
                    <shipping-status>NOT_SHIPPED</shipping-status>
                </status>
                <shipping-method>delivertostoreGBP</shipping-method>
                <shipping-address>
                    <title>miss</title>
                    <first-name>Sam</first-name>
                    <last-name>McCready</last-name>
                    <address1>Unit E5</address1>
                    <city>Whiteley Village</city>
                    <postal-code>PO15 7PD</postal-code>
                    <country-code>GB</country-code>
                    <phone>07552238422</phone>
                </shipping-address>
                <gift>false</gift>
                <totals>
                    <merchandize-total>
                        <net-price>41.66</net-price>
                        <tax>8.34</tax>
                        <gross-price>50.00</gross-price>
                    </merchandize-total>
                    <adjusted-merchandize-total>
                        <net-price>41.66</net-price>
                        <tax>8.34</tax>
                        <gross-price>50.00</gross-price>
                    </adjusted-merchandize-total>
                    <shipping-total>
                        <net-price>0.00</net-price>
                        <tax>0.00</tax>
                        <gross-price>0.00</gross-price>
                    </shipping-total>
                    <adjusted-shipping-total>
                        <net-price>0.00</net-price>
                        <tax>0.00</tax>
                        <gross-price>0.00</gross-price>
                    </adjusted-shipping-total>
                    <shipment-total>
                        <net-price>41.66</net-price>
                        <tax>8.34</tax>
                        <gross-price>50.00</gross-price>
                    </shipment-total>
                </totals>
            </shipment>
        </shipments>
        <totals>
            <merchandize-total>
                <net-price>41.66</net-price>
                <tax>8.34</tax>
                <gross-price>50.00</gross-price>
            </merchandize-total>
            <adjusted-merchandize-total>
                <net-price>41.66</net-price>
                <tax>8.34</tax>
                <gross-price>50.00</gross-price>
            </adjusted-merchandize-total>
            <shipping-total>
                <net-price>0.00</net-price>
                <tax>0.00</tax>
                <gross-price>0.00</gross-price>
            </shipping-total>
            <adjusted-shipping-total>
                <net-price>0.00</net-price>
                <tax>0.00</tax>
                <gross-price>0.00</gross-price>
            </adjusted-shipping-total>
            <order-total>
                <net-price>41.66</net-price>
                <tax>8.34</tax>
                <gross-price>50.00</gross-price>
            </order-total>
        </totals>
        <payments>
            <payment>
                <credit-card>
                    <card-type>mc</card-type>
                    <card-number>XXXX-XXXX-XXXX-0010</card-number>
                    <card-holder>Samantha McCready</card-holder>
                    <card-token>M148918185403968</card-token>
                    <expiration-month>10</expiration-month>
                    <expiration-year>2020</expiration-year>
                    <custom-attributes>
                        <custom-attribute attribute-id="saveCreditCard">false</custom-attribute>
                    </custom-attributes>
                </credit-card>
                <amount>50.00</amount>
                <processor-id>ADYEN_CREDIT</processor-id>
                <transaction-id>8825173943366536</transaction-id>
            </payment>
        </payments>
        <remoteHost>167.98.35.114</remoteHost>
        <notes>
            <note>
                <created-by>system</created-by>
                <creation-date>2018-01-31T10:28:01.599Z</creation-date>
                <subject>Adyen Payment Notification</subject>
                <text>AdyenNotification v 4d - Payment info (Called from : 82.199.90.163)
================================================================
reason : 67692:0010:10/2020
eventDate : 2018-01-31T10:25:36.036+0000
merchantReference : UKF4000121690
currency : GBP
pspReference : 8825173943366536
merchantAccountCode : FatFaceCOM
eventCode : AUTHORISATION
value : 5000
operations : CANCEL,CAPTURE,REFUND
success : true
paymentMethod : mc
live : false</text>
            </note>
        </notes>
        <custom-attributes>
            <custom-attribute attribute-id="Adyen_eventCode">AUTHORISATION</custom-attribute>
            <custom-attribute attribute-id="Adyen_paymentMethod">mc</custom-attribute>
            <custom-attribute attribute-id="Adyen_pspReference">8825173943366536</custom-attribute>
            <custom-attribute attribute-id="Adyen_value">5000</custom-attribute>
            <custom-attribute attribute-id="channelID">70391</custom-attribute>
            <custom-attribute attribute-id="collectionStoreID">70308</custom-attribute>
            <custom-attribute attribute-id="warehouseID">90004</custom-attribute>
        </custom-attributes>
    </order>

    <order order-no="UKF4000121688">
        <order-date>2018-01-31T10:24:04.973Z</order-date>
        <created-by>storefront</created-by>
        <original-order-no>UKF4000121688</original-order-no>
        <currency>GBP</currency>
        <customer-locale>en_GB</customer-locale>
        <taxation>gross</taxation>
        <invoice-no>00202294</invoice-no>
        <customer>
            <customer-no>00250145</customer-no>
            <customer-name>John Ray</customer-name>
            <customer-email>johnsray@gmail.com</customer-email>
            <billing-address>
                <title>mr</title>
                <first-name>John</first-name>
                <last-name>Ray</last-name>
                <address1>1-3 Ridgway</address1>
                <city>Havant</city>
                <postal-code>PO9 1QJ</postal-code>
                <state-code>Hampshire</state-code>
                <country-code>GB</country-code>
                <phone>07740151849</phone>
            </billing-address>
        </customer>
        <status>
            <order-status>OPEN</order-status>
            <shipping-status>NOT_SHIPPED</shipping-status>
            <confirmation-status>CONFIRMED</confirmation-status>
            <payment-status>NOT_PAID</payment-status>
        </status>
        <current-order-no>UKF4000121688</current-order-no>
        <product-lineitems>
            <product-lineitem>
                <net-price>32.92</net-price>
                <tax>6.58</tax>
                <gross-price>39.50</gross-price>
                <base-price>39.50</base-price>
                <lineitem-text>Cotton Cashmere Twisted Crew Neck Jumper</lineitem-text>
                <tax-basis>39.50</tax-basis>
                <position>1</position>
                <product-id>5052750952271</product-id>
                <product-name>Cotton Cashmere Twisted Crew Neck Jumper</product-name>
                <quantity unit="">1.0</quantity>
                <tax-rate>0.2</tax-rate>
                <shipment-id>DEV00213794</shipment-id>
                <gift>false</gift>
            </product-lineitem>
        </product-lineitems>
        <shipping-lineitems>
            <shipping-lineitem>
                <net-price>2.46</net-price>
                <tax>0.49</tax>
                <gross-price>2.95</gross-price>
                <base-price>2.95</base-price>
                <lineitem-text>Shipping</lineitem-text>
                <tax-basis>2.95</tax-basis>
                <item-id>STANDARD_SHIPPING</item-id>
                <shipment-id>DEV00213794</shipment-id>
                <tax-rate>0.2</tax-rate>
            </shipping-lineitem>
        </shipping-lineitems>
        <shipments>
            <shipment shipment-id="DEV00213794">
                <status>
                    <shipping-status>NOT_SHIPPED</shipping-status>
                </status>
                <shipping-method>standardGBP</shipping-method>
                <shipping-address>
                    <title>mr</title>
                    <first-name>John</first-name>
                    <last-name>Ray</last-name>
                    <address1>1-3 Ridgway</address1>
                    <city>Havant</city>
                    <postal-code>PO9 1QJ</postal-code>
                    <state-code>Hampshire</state-code>
                    <country-code>GB</country-code>
                    <phone>07740151849</phone>
                </shipping-address>
                <gift>false</gift>
                <totals>
                    <merchandize-total>
                        <net-price>32.92</net-price>
                        <tax>6.58</tax>
                        <gross-price>39.50</gross-price>
                    </merchandize-total>
                    <adjusted-merchandize-total>
                        <net-price>32.92</net-price>
                        <tax>6.58</tax>
                        <gross-price>39.50</gross-price>
                    </adjusted-merchandize-total>
                    <shipping-total>
                        <net-price>2.46</net-price>
                        <tax>0.49</tax>
                        <gross-price>2.95</gross-price>
                    </shipping-total>
                    <adjusted-shipping-total>
                        <net-price>2.46</net-price>
                        <tax>0.49</tax>
                        <gross-price>2.95</gross-price>
                    </adjusted-shipping-total>
                    <shipment-total>
                        <net-price>35.38</net-price>
                        <tax>7.07</tax>
                        <gross-price>42.45</gross-price>
                    </shipment-total>
                </totals>
            </shipment>
        </shipments>
        <totals>
            <merchandize-total>
                <net-price>32.92</net-price>
                <tax>6.58</tax>
                <gross-price>39.50</gross-price>
            </merchandize-total>
            <adjusted-merchandize-total>
                <net-price>32.92</net-price>
                <tax>6.58</tax>
                <gross-price>39.50</gross-price>
            </adjusted-merchandize-total>
            <shipping-total>
                <net-price>2.46</net-price>
                <tax>0.49</tax>
                <gross-price>2.95</gross-price>
            </shipping-total>
            <adjusted-shipping-total>
                <net-price>2.46</net-price>
                <tax>0.49</tax>
                <gross-price>2.95</gross-price>
            </adjusted-shipping-total>
            <order-total>
                <net-price>35.38</net-price>
                <tax>7.07</tax>
                <gross-price>42.45</gross-price>
            </order-total>
        </totals>
        <payments>
            <payment>
                <credit-card>
                    <card-type>visa</card-type>
                    <card-number>XXXX-XXXX-XXXX-1111</card-number>
                    <card-holder>wefwgseg</card-holder>
                    <card-token>H167852639363479</card-token>
                    <expiration-month>8</expiration-month>
                    <expiration-year>2018</expiration-year>
                    <custom-attributes>
                        <custom-attribute attribute-id="saveCreditCard">false</custom-attribute>
                    </custom-attributes>
                </credit-card>
                <amount>42.45</amount>
                <processor-id>ADYEN_CREDIT</processor-id>
                <transaction-id>8825173942450786</transaction-id>
            </payment>
        </payments>
        <remoteHost>167.98.35.114</remoteHost>
        <notes>
            <note>
                <created-by>system</created-by>
                <creation-date>2018-01-31T10:26:01.658Z</creation-date>
                <subject>Adyen Payment Notification</subject>
                <text>AdyenNotification v 4d - Payment info (Called from : 82.199.90.163)
================================================================
reason : 20293:1111:08/2018
eventDate : 2018-01-31T10:24:06.006+0000
merchantReference : UKF4000121688
currency : GBP
pspReference : 8825173942450786
merchantAccountCode : FatFaceCOM
eventCode : AUTHORISATION
value : 4245
operations : CANCEL,CAPTURE,REFUND
success : true
paymentMethod : visa
live : false</text>
            </note>
        </notes>
        <custom-attributes>
            <custom-attribute attribute-id="Adyen_eventCode">AUTHORISATION</custom-attribute>
            <custom-attribute attribute-id="Adyen_paymentMethod">visa</custom-attribute>
            <custom-attribute attribute-id="Adyen_pspReference">8825173942450786</custom-attribute>
            <custom-attribute attribute-id="Adyen_value">4245</custom-attribute>
            <custom-attribute attribute-id="channelID">70391</custom-attribute>
            <custom-attribute attribute-id="warehouseID">90004</custom-attribute>
        </custom-attributes>
    </order>

</orders>
