<?xml version="1.0" encoding="UTF-8" standalone="no"?>
<orders xmlns="http://www.demandware.com/xml/impex/order/2006-10-31">
    <order order-no="UKF1000657373">
        <order-date>2018-01-31T23:26:40.000Z</order-date>
        <created-by>storefront</created-by>
        <original-order-no>UKF1000657373</original-order-no>
        <currency>GBP</currency>
        <customer-locale>en_GB</customer-locale>
        <taxation>gross</taxation>
        <invoice-no>00332817</invoice-no>
        <customer>
            <customer-no>464061</customer-no>
            <customer-name>Jane Savvides</customer-name>
            <customer-email>janesavvides@gmail.com</customer-email>
            <billing-address>
                <title>mrs</title>
                <first-name>Jane</first-name>
                <last-name>Savvides</last-name>
                <address1>17 Kalli Panayi</address1>
                <city>NICOSIA</city>
                <postal-code>2013</postal-code>
                <country-code>CY</country-code>
            </billing-address>
        </customer>
        <status>
            <order-status>NEW</order-status>
            <shipping-status>NOT_SHIPPED</shipping-status>
            <confirmation-status>CONFIRMED</confirmation-status>
            <payment-status>NOT_PAID</payment-status>
        </status>
        <current-order-no>UKF1000657373</current-order-no>
        <product-lineitems>
            <product-lineitem>
                <net-price>41.76</net-price>
                <tax>7.74</tax>
                <gross-price>49.50</gross-price>
                <base-price>49.50</base-price>
                <lineitem-text>Haywood Cardigan</lineitem-text>
                <tax-basis>46.45</tax-basis>
                <position>1</position>
                <product-id>5052750840820</product-id>
                <product-name>Haywood Cardigan</product-name>
                <quantity unit="">1.0</quantity>
                <tax-rate>0.2</tax-rate>
                <shipment-id>00332064</shipment-id>
                <gift>false</gift>
            </product-lineitem>
            <product-lineitem>
                <net-price>43.87</net-price>
                <tax>8.13</tax>
                <gross-price>52.00</gross-price>
                <base-price>52.00</base-price>
                <lineitem-text>Alicia Bomber</lineitem-text>
                <tax-basis>48.80</tax-basis>
                <position>2</position>
                <product-id>5052750893918</product-id>
                <product-name>Alicia Bomber</product-name>
                <quantity unit="">1.0</quantity>
                <tax-rate>0.2</tax-rate>
                <shipment-id>00332064</shipment-id>
                <gift>false</gift>
            </product-lineitem>
            <product-lineitem>
                <net-price>29.52</net-price>
                <tax>5.48</tax>
                <gross-price>35.00</gross-price>
                <base-price>35.00</base-price>
                <lineitem-text>Tulip Hummingbirds Top</lineitem-text>
                <tax-basis>32.85</tax-basis>
                <position>3</position>
                <product-id>5052750961334</product-id>
                <product-name>Tulip Hummingbirds Top</product-name>
                <quantity unit="">1.0</quantity>
                <tax-rate>0.2</tax-rate>
                <shipment-id>00332064</shipment-id>
                <gift>false</gift>
            </product-lineitem>
            <product-lineitem>
                <net-price>21.93</net-price>
                <tax>4.07</tax>
                <gross-price>26.00</gross-price>
                <base-price>26.00</base-price>
                <lineitem-text>Olivia Knitted Mules</lineitem-text>
                <tax-basis>24.40</tax-basis>
                <position>4</position>
                <product-id>5052750942401</product-id>
                <product-name>Olivia Knitted Mules</product-name>
                <quantity unit="">1.0</quantity>
                <tax-rate>0.2</tax-rate>
                <shipment-id>00332064</shipment-id>
                <gift>false</gift>
            </product-lineitem>
        </product-lineitems>
        <shipping-lineitems>
            <shipping-lineitem>
                <net-price>8.33</net-price>
                <tax>1.67</tax>
                <gross-price>10.00</gross-price>
                <base-price>10.00</base-price>
                <lineitem-text>Shipping</lineitem-text>
                <tax-basis>10.00</tax-basis>
                <item-id>STANDARD_SHIPPING</item-id>
                <shipment-id>00332064</shipment-id>
                <tax-rate>0.2</tax-rate>
            </shipping-lineitem>
        </shipping-lineitems>
        <shipments>
            <shipment shipment-id="00332064">
                <status>
                    <shipping-status>NOT_SHIPPED</shipping-status>
                </status>
                <shipping-method>overseasGBP</shipping-method>
                <shipping-address>
                    <title>mrs</title>
                    <first-name>Jane</first-name>
                    <last-name>Savvides</last-name>
                    <address1>17 Kalli Panayi</address1>
                    <city>NICOSIA</city>
                    <postal-code>2013</postal-code>
                    <country-code>CY</country-code>
                </shipping-address>
                <gift>false</gift>
                <totals>
                    <merchandize-total>
                        <net-price>137.08</net-price>
                        <tax>25.42</tax>
                        <gross-price>162.50</gross-price>
                    </merchandize-total>
                    <adjusted-merchandize-total>
                        <net-price>137.08</net-price>
                        <tax>25.42</tax>
                        <gross-price>162.50</gross-price>
                    </adjusted-merchandize-total>
                    <shipping-total>
                        <net-price>8.33</net-price>
                        <tax>1.67</tax>
                        <gross-price>10.00</gross-price>
                    </shipping-total>
                    <adjusted-shipping-total>
                        <net-price>8.33</net-price>
                        <tax>1.67</tax>
                        <gross-price>10.00</gross-price>
                    </adjusted-shipping-total>
                    <shipment-total>
                        <net-price>145.41</net-price>
                        <tax>27.09</tax>
                        <gross-price>172.50</gross-price>
                    </shipment-total>
                </totals>
            </shipment>
        </shipments>
        <totals>
            <merchandize-total>
                <net-price>137.08</net-price>
                <tax>25.42</tax>
                <gross-price>162.50</gross-price>
                <price-adjustments>
                    <price-adjustment>
                        <net-price>-10.00</net-price>
                        <tax>0.00</tax>
                        <gross-price>-10.00</gross-price>
                        <base-price>-10.00</base-price>
                        <lineitem-text>Bounceback</lineitem-text>
                        <tax-basis>0.00</tax-basis>
                        <promotion-id>Bounceback</promotion-id>
                        <campaign-id>Bounceback</campaign-id>
                        <coupon-id>NYGIFT18B</coupon-id>
                        <discount>
                            <amount>10.00</amount>
                        </discount>
                    </price-adjustment>
                </price-adjustments>
            </merchandize-total>
            <adjusted-merchandize-total>
                <net-price>127.08</net-price>
                <tax>25.42</tax>
                <gross-price>152.50</gross-price>
            </adjusted-merchandize-total>
            <shipping-total>
                <net-price>8.33</net-price>
                <tax>1.67</tax>
                <gross-price>10.00</gross-price>
            </shipping-total>
            <adjusted-shipping-total>
                <net-price>8.33</net-price>
                <tax>1.67</tax>
                <gross-price>10.00</gross-price>
            </adjusted-shipping-total>
            <order-total>
                <net-price>135.41</net-price>
                <tax>27.09</tax>
                <gross-price>162.50</gross-price>
            </order-total>
        </totals>
        <payments>
            <payment>
                <credit-card>
                    <card-type>visa</card-type>
                    <card-number>XXXX-XXXX-XXXX-7011</card-number>
                    <card-holder>Savvides Jane</card-holder>
                    <card-token>G897520861634490</card-token>
                    <expiration-month>9</expiration-month>
                    <expiration-year>2018</expiration-year>
                    <custom-attributes>
                        <custom-attribute attribute-id="saveCreditCard">false</custom-attribute>
                    </custom-attributes>
                </credit-card>
                <amount>162.50</amount>
                <processor-id>ADYEN_CREDIT</processor-id>
                <transaction-id>4425174412009949</transaction-id>
            </payment>
        </payments>
        <remoteHost>83.168.12.152</remoteHost>
        <notes>
            <note>
                <created-by>system</created-by>
                <creation-date>2018-01-31T23:28:01.473Z</creation-date>
                <subject>Adyen Payment Notification</subject>
                <text>AdyenNotification v 4d - Payment info (Called from : 91.212.42.10)
================================================================
reason : 497440:7011:09/2018
eventDate : 2018-01-31T23:26:41.041+0000
merchantReference : UKF1000657373
currency : GBP
pspReference : 4425174412009949
merchantAccountCode : FatFaceCOM
eventCode : AUTHORISATION
value : 16250
operations : CANCEL,CAPTURE,REFUND
success : true
paymentMethod : visa
live : true</text>
            </note>
        </notes>
        <custom-attributes>
            <custom-attribute attribute-id="Adyen_eventCode">AUTHORISATION</custom-attribute>
            <custom-attribute attribute-id="Adyen_paymentMethod">visa</custom-attribute>
            <custom-attribute attribute-id="Adyen_pspReference">4425174412009949</custom-attribute>
            <custom-attribute attribute-id="Adyen_value">16250</custom-attribute>
            <custom-attribute attribute-id="channelID">70391</custom-attribute>
            <custom-attribute attribute-id="warehouseID">90004</custom-attribute>
        </custom-attributes>
    </order>

</orders>
