<?xml version="1.0" encoding="UTF-8"?>

<mule xmlns:context="http://www.springframework.org/schema/context"
	xmlns:file="http://www.mulesoft.org/schema/mule/file" xmlns:dw="http://www.mulesoft.org/schema/mule/ee/dw"
	xmlns="http://www.mulesoft.org/schema/mule/core" xmlns:doc="http://www.mulesoft.org/schema/mule/documentation"
	xmlns:spring="http://www.springframework.org/schema/beans" xmlns:xsi="http://www.w3.org/2001/XMLSchema-instance"
	xsi:schemaLocation="http://www.springframework.org/schema/beans http://www.springframework.org/schema/beans/spring-beans-current.xsd
http://www.mulesoft.org/schema/mule/core http://www.mulesoft.org/schema/mule/core/current/mule.xsd
http://www.mulesoft.org/schema/mule/file http://www.mulesoft.org/schema/mule/file/current/mule-file.xsd
http://www.mulesoft.org/schema/mule/ee/dw http://www.mulesoft.org/schema/mule/ee/dw/current/dw.xsd
http://www.springframework.org/schema/context http://www.springframework.org/schema/context/spring-context-current.xsd">
	<context:property-placeholder location="file.properties" />
	<flow name="csvtoxmlFlow">
		<file:inbound-endpoint path="${file.source.path}"
			moveToDirectory="${file.archive.path}" responseTimeout="10000"
			doc:name="File" />
		<dw:transform-message doc:name="Transform Message">
			<dw:input-payload doc:sample="sample_data\list_csv.csv" />
			<dw:set-payload><![CDATA[
%dw 1.0
%output application/xml encoding="UTF-8" 
%namespace xsi http://www.w3.org/2001/XMLSchema-instance
---
{
	dcsmergedata @(xsi#noNamespaceSchemaLocation: '../lib/interface_receipt.xsd'): {
		dataheaders : {
		(payload filter ($.bin contains "RTN") map ((payload01 , indexOfpayload01) -> {
			dataheader @(transaction: 'add'): {
             record_type: 'RCV',
             client_id: 'FATFACE',
             location_id:payload01.bin,
             owner_id:'FATFACE',
             pallet_config:'PALLET',
             qty_on_hand:payload01.qty,
             site_id:'PICK',
             sku_id:payload01.barcode
     		}
 		}))
 		}
	}
}]]></dw:set-payload>
		</dw:transform-message>
		<object-to-byte-array-transformer
			doc:name="Object to Byte Array" />
		<set-variable variableName="vOrgFilename"
			value="#[message.inboundProperties.originalFilename]" doc:name="Variable" />
		<set-variable variableName="vTargetFilename"
			value="#[flowVars.vOrgFilename.substring(0,(flowVars.vOrgFilename.lastIndexOf('.')))+'-'+server.dateTime.format('YYYYMMddHHmmss')+'.xml']"
			doc:name="Variable" />
		<logger message="Filename =&gt; #[flowVars.vTargetFilename]"
			level="INFO" doc:name="Logger" />
		<file:outbound-endpoint path="${file.target.path}"
			responseTimeout="10000" doc:name="File" outputPattern="#[flowVars.vTargetFilename]" />
	</flow>
</mule>
